{
  "name": "hr-dashboard",
  "version": "0.1.0",
  "private": true,
  "scripts": {
    "dev": "next dev",
    "build": "next build",
    "start": "next start",
    "lint": "next lint"
  },
  "dependencies": {
    "@heroicons/react": "^2.2.0",
    "chart.js": "^4.4.9",
    "clsx": "^2.1.1",
    "framer-motion": "^12.12.2",
    "next": "^14.0.0",
    "react": "^18.2.0",
    "react-chartjs-2": "^5.3.0",
    "react-dom": "^18.2.0",
    "tailwind-merge": "^3.3.0",
    "zustand": "^5.0.5"
  },
  "devDependencies": {
    "@types/node": "^20.17.50",
    "@types/react": "^18.3.22",
    "@types/react-dom": "^18.3.7",
    "autoprefixer": "^10.4.0",
    "postcss": "^8.4.0",
    "tailwindcss": "^3.3.0",
    "typescript": "^5.8.3"
  }
}
