{
  "name": "hr-dashboard",
  "version": "0.1.0",
  "lockfileVersion": 3,
  "requires": true,
  "packages": {
    "": {
      "name": "hr-dashboard",
      "version": "0.1.0",
      "dependencies": {
        "@heroicons/react": "^2.2.0",
        "chart.js": "^4.4.9",
        "clsx": "^2.1.1",
        "framer-motion": "^12.12.2",
        "next": "^14.0.0",
        "react": "^18.2.0",
        "react-chartjs-2": "^5.3.0",
        "react-dom": "^18.2.0",
        "tailwind-merge": "^3.3.0",
        "zustand": "^5.0.5"
      },
      "devDependencies": {
        "@types/node": "^20.17.50",
        "@types/react": "^18.3.22",
        "@types/react-dom": "^18.3.7",
        "autoprefixer": "^10.4.0",
        "postcss": "^8.4.0",
        "tailwindcss": "^3.3.0",
        "typescript": "^5.8.3"
      }
    },
    "node_modules/@alloc/quick-lru": {
      "version": "5.2.0",
      "resolved": "https://registry.npmjs.org/@alloc/quick-lru/-/quick-lru-5.2.0.tgz",
      "integrity": "sha512-UrcABB+4bUrFABwbluTIBErXwvbsU/V7TZWfmbgJfbkwiBuziS9gxdODUyuiecfdGQ85jglMW6juS3+z5TsKLw==",
      "dev": true,
      "engines": {
        "node": ">=10"
      },
      "funding": {
        "url": "https://github.com/sponsors/sindresorhus"
      }
    },
    "node_modules/@heroicons/react": {
      "version": "2.2.0",
      "resolved": "https://registry.npmjs.org/@heroicons/react/-/react-2.2.0.tgz",
      "integrity": "sha512-LMcepvRaS9LYHJGsF0zzmgKCUim/X3N/DQKc4jepAXJ7l8QxJ1PmxJzqplF2Z3FE4PqBAIGyJAQ/w4B5dsqbtQ==",
      "peerDependencies": {
        "react": ">= 16 || ^19.0.0-rc"
      }
    },
    "node_modules/@isaacs/cliui": {
      "version": "8.0.2",
      "resolved": "https://registry.npmjs.org/@isaacs/cliui/-/cliui-8.0.2.tgz",
      "integrity": "sha512-O8jcjabXaleOG9DQ0+ARXWZBTfnP4WNAqzuiJK7ll44AmxGKv/J2M4TPjxjY3znBCfvBXFzucm1twdyFybFqEA==",
      "dev": true,
      "dependencies": {
        "string-width": "^5.1.2",
        "string-width-cjs": "npm:string-width@^4.2.0",
        "strip-ansi": "^7.0.1",
        "strip-ansi-cjs": "npm:strip-ansi@^6.0.1",
        "wrap-ansi": "^8.1.0",
        "wrap-ansi-cjs": "npm:wrap-ansi@^7.0.0"
      },
      "engines": {
        "node": ">=12"
      }
    },
    "node_modules/@jridgewell/gen-mapping": {
      "version": "0.3.8",
      "resolved": "https://registry.npmjs.org/@jridgewell/gen-mapping/-/gen-mapping-0.3.8.tgz",
      "integrity": "sha512-imAbBGkb+ebQyxKgzv5Hu2nmROxoDOXHh80evxdoXNOrvAnVx7zimzc1Oo5h9RlfV4vPXaE2iM5pOFbvOCClWA==",
      "dev": true,
      "dependencies": {
        "@jridgewell/set-array": "^1.2.1",
        "@jridgewell/sourcemap-codec": "^1.4.10",
        "@jridgewell/trace-mapping": "^0.3.24"
      },
      "engines": {
        "node": ">=6.0.0"
      }
    },
    "node_modules/@jridgewell/resolve-uri": {
      "version": "3.1.2",
      "resolved": "https://registry.npmjs.org/@jridgewell/resolve-uri/-/resolve-uri-3.1.2.tgz",
      "integrity": "sha512-bRISgCIjP20/tbWSPWMEi54QVPRZExkuD9lJL+UIxUKtwVJA8wW1Trb1jMs1RFXo1CBTNZ/5hpC9QvmKWdopKw==",
      "dev": true,
      "engines": {
        "node": ">=6.0.0"
      }
    },
    "node_modules/@jridgewell/set-array": {
      "version": "1.2.1",
      "resolved": "https://registry.npmjs.org/@jridgewell/set-array/-/set-array-1.2.1.tgz",
      "integrity": "sha512-R8gLRTZeyp03ymzP/6Lil/28tGeGEzhx1q2k703KGWRAI1VdvPIXdG70VJc2pAMw3NA6JKL5hhFu1sJX0Mnn/A==",
      "dev": true,
      "engines": {
        "node": ">=6.0.0"
      }
    },
    "node_modules/@jridgewell/sourcemap-codec": {
      "version": "1.5.0",
      "resolved": "https://registry.npmjs.org/@jridgewell/sourcemap-codec/-/sourcemap-codec-1.5.0.tgz",
      "integrity": "sha512-gv3ZRaISU3fjPAgNsriBRqGWQL6quFx04YMPW/zD8XMLsU32mhCCbfbO6KZFLjvYpCZ8zyDEgqsgf+PwPaM7GQ==",
      "dev": true
    },
    "node_modules/@jridgewell/trace-mapping": {
      "version": "0.3.25",
      "resolved": "https://registry.npmjs.org/@jridgewell/trace-mapping/-/trace-mapping-0.3.25.tgz",
      "integrity": "sha512-vNk6aEwybGtawWmy/PzwnGDOjCkLWSD2wqvjGGAgOAwCGWySYXfYoxt00IJkTF+8Lb57DwOb3Aa0o9CApepiYQ==",
      "dev": true,
      "dependencies": {
        "@jridgewell/resolve-uri": "^3.1.0",
        "@jridgewell/sourcemap-codec": "^1.4.14"
      }
    },
    "node_modules/@kurkle/color": {
      "version": "0.3.4",
      "resolved": "https://registry.npmjs.org/@kurkle/color/-/color-0.3.4.tgz",
      "integrity": "sha512-M5UknZPHRu3DEDWoipU6sE8PdkZ6Z/S+v4dD+Ke8IaNlpdSQah50lz1KtcFBa2vsdOnwbbnxJwVM4wty6udA5w=="
    },
    "node_modules/@next/env": {
      "version": "14.2.29",
      "resolved": "https://registry.npmjs.org/@next/env/-/env-14.2.29.tgz",
      "integrity": "sha512-UzgLR2eBfhKIQt0aJ7PWH7XRPYw7SXz0Fpzdl5THjUnvxy4kfBk9OU4RNPNiETewEEtaBcExNFNn1QWH8wQTjg=="
    },
    "node_modules/@next/swc-darwin-arm64": {
      "version": "14.2.29",
      "resolved": "https://registry.npmjs.org/@next/swc-darwin-arm64/-/swc-darwin-arm64-14.2.29.tgz",
      "integrity": "sha512-wWtrAaxCVMejxPHFb1SK/PVV1WDIrXGs9ki0C/kUM8ubKHQm+3hU9MouUywCw8Wbhj3pewfHT2wjunLEr/TaLA==",
      "cpu": [
        "arm64"
      ],
      "optional": true,
      "os": [
        "darwin"
      ],
      "engines": {
        "node": ">= 10"
      }
    },
    "node_modules/@next/swc-darwin-x64": {
      "version": "14.2.29",
      "resolved": "https://registry.npmjs.org/@next/swc-darwin-x64/-/swc-darwin-x64-14.2.29.tgz",
      "integrity": "sha512-7Z/jk+6EVBj4pNLw/JQrvZVrAh9Bv8q81zCFSfvTMZ51WySyEHWVpwCEaJY910LyBftv2F37kuDPQm0w9CEXyg==",
      "cpu": [
        "x64"
      ],
      "optional": true,
      "os": [
        "darwin"
      ],
      "engines": {
        "node": ">= 10"
      }
    },
    "node_modules/@next/swc-linux-arm64-gnu": {
      "version": "14.2.29",
      "resolved": "https://registry.npmjs.org/@next/swc-linux-arm64-gnu/-/swc-linux-arm64-gnu-14.2.29.tgz",
      "integrity": "sha512-o6hrz5xRBwi+G7JFTHc+RUsXo2lVXEfwh4/qsuWBMQq6aut+0w98WEnoNwAwt7hkEqegzvazf81dNiwo7KjITw==",
      "cpu": [
        "arm64"
      ],
      "optional": true,
      "os": [
        "linux"
      ],
      "engines": {
        "node": ">= 10"
      }
    },
    "node_modules/@next/swc-linux-arm64-musl": {
      "version": "14.2.29",
      "resolved": "https://registry.npmjs.org/@next/swc-linux-arm64-musl/-/swc-linux-arm64-musl-14.2.29.tgz",
      "integrity": "sha512-9i+JEHBOVgqxQ92HHRFlSW1EQXqa/89IVjtHgOqsShCcB/ZBjTtkWGi+SGCJaYyWkr/lzu51NTMCfKuBf7ULNw==",
      "cpu": [
        "arm64"
      ],
      "optional": true,
      "os": [
        "linux"
      ],
      "engines": {
        "node": ">= 10"
      }
    },
    "node_modules/@next/swc-linux-x64-gnu": {
      "version": "14.2.29",
      "resolved": "https://registry.npmjs.org/@next/swc-linux-x64-gnu/-/swc-linux-x64-gnu-14.2.29.tgz",
      "integrity": "sha512-B7JtMbkUwHijrGBOhgSQu2ncbCYq9E7PZ7MX58kxheiEOwdkM+jGx0cBb+rN5AeqF96JypEppK6i/bEL9T13lA==",
      "cpu": [
        "x64"
      ],
      "optional": true,
      "os": [
        "linux"
      ],
      "engines": {
        "node": ">= 10"
      }
    },
    "node_modules/@next/swc-linux-x64-musl": {
      "version": "14.2.29",
      "resolved": "https://registry.npmjs.org/@next/swc-linux-x64-musl/-/swc-linux-x64-musl-14.2.29.tgz",
      "integrity": "sha512-yCcZo1OrO3aQ38B5zctqKU1Z3klOohIxug6qdiKO3Q3qNye/1n6XIs01YJ+Uf+TdpZQ0fNrOQI2HrTLF3Zprnw==",
      "cpu": [
        "x64"
      ],
      "optional": true,
      "os": [
        "linux"
      ],
      "engines": {
        "node": ">= 10"
      }
    },
    "node_modules/@next/swc-win32-arm64-msvc": {
      "version": "14.2.29",
      "resolved": "https://registry.npmjs.org/@next/swc-win32-arm64-msvc/-/swc-win32-arm64-msvc-14.2.29.tgz",
      "integrity": "sha512-WnrfeOEtTVidI9Z6jDLy+gxrpDcEJtZva54LYC0bSKQqmyuHzl0ego+v0F/v2aXq0am67BRqo/ybmmt45Tzo4A==",
      "cpu": [
        "arm64"
      ],
      "optional": true,
      "os": [
        "win32"
      ],
      "engines": {
        "node": ">= 10"
      }
    },
    "node_modules/@next/swc-win32-ia32-msvc": {
      "version": "14.2.29",
      "resolved": "https://registry.npmjs.org/@next/swc-win32-ia32-msvc/-/swc-win32-ia32-msvc-14.2.29.tgz",
      "integrity": "sha512-vkcriFROT4wsTdSeIzbxaZjTNTFKjSYmLd8q/GVH3Dn8JmYjUKOuKXHK8n+lovW/kdcpIvydO5GtN+It2CvKWA==",
      "cpu": [
        "ia32"
      ],
      "optional": true,
      "os": [
        "win32"
      ],
      "engines": {
        "node": ">= 10"
      }
    },
    "node_modules/@next/swc-win32-x64-msvc": {
      "version": "14.2.29",
      "resolved": "https://registry.npmjs.org/@next/swc-win32-x64-msvc/-/swc-win32-x64-msvc-14.2.29.tgz",
      "integrity": "sha512-iPPwUEKnVs7pwR0EBLJlwxLD7TTHWS/AoVZx1l9ZQzfQciqaFEr5AlYzA2uB6Fyby1IF18t4PL0nTpB+k4Tzlw==",
      "cpu": [
        "x64"
      ],
      "optional": true,
      "os": [
        "win32"
      ],
      "engines": {
        "node": ">= 10"
      }
    },
    "node_modules/@nodelib/fs.scandir": {
      "version": "2.1.5",
      "resolved": "https://registry.npmjs.org/@nodelib/fs.scandir/-/fs.scandir-2.1.5.tgz",
      "integrity": "sha512-vq24Bq3ym5HEQm2NKCr3yXDwjc7vTsEThRDnkp2DK9p1uqLR+DHurm/NOTo0KG7HYHU7eppKZj3MyqYuMBf62g==",
      "dev": true,
      "dependencies": {
        "@nodelib/fs.stat": "2.0.5",
        "run-parallel": "^1.1.9"
      },
      "engines": {
        "node": ">= 8"
      }
    },
    "node_modules/@nodelib/fs.stat": {
      "version": "2.0.5",
      "resolved": "https://registry.npmjs.org/@nodelib/fs.stat/-/fs.stat-2.0.5.tgz",
      "integrity": "sha512-RkhPPp2zrqDAQA/2jNhnztcPAlv64XdhIp7a7454A5ovI7Bukxgt7MX7udwAu3zg1DcpPU0rz3VV1SeaqvY4+A==",
      "dev": true,
      "engines": {
        "node": ">= 8"
      }
    },
    "node_modules/@nodelib/fs.walk": {
      "version": "1.2.8",
      "resolved": "https://registry.npmjs.org/@nodelib/fs.walk/-/fs.walk-1.2.8.tgz",
      "integrity": "sha512-oGB+UxlgWcgQkgwo8GcEGwemoTFt3FIO9ababBmaGwXIoBKZ+GTy0pP185beGg7Llih/NSHSV2XAs1lnznocSg==",
      "dev": true,
      "dependencies": {
        "@nodelib/fs.scandir": "2.1.5",
        "fastq": "^1.6.0"
      },
      "engines": {
        "node": ">= 8"
      }
    },
    "node_modules/@pkgjs/parseargs": {
      "version": "0.11.0",
      "resolved": "https://registry.npmjs.org/@pkgjs/parseargs/-/parseargs-0.11.0.tgz",
      "integrity": "sha512-+1VkjdD0QBLPodGrJUeqarH8VAIvQODIbwh9XpP5Syisf7YoQgsJKPNFoqqLQlu+VQ/tVSshMR6loPMn8U+dPg==",
      "dev": true,
      "optional": true,
      "engines": {
        "node": ">=14"
      }
    },
    "node_modules/@swc/counter": {
      "version": "0.1.3",
      "resolved": "https://registry.npmjs.org/@swc/counter/-/counter-0.1.3.tgz",
      "integrity": "sha512-e2BR4lsJkkRlKZ/qCHPw9ZaSxc0MVUd7gtbtaB7aMvHeJVYe8sOB8DBZkP2DtISHGSku9sCK6T6cnY0CtXrOCQ=="
    },
    "node_modules/@swc/helpers": {
      "version": "0.5.5",
      "resolved": "https://registry.npmjs.org/@swc/helpers/-/helpers-0.5.5.tgz",
      "integrity": "sha512-KGYxvIOXcceOAbEk4bi/dVLEK9z8sZ0uBB3Il5b1rhfClSpcX0yfRO0KmTkqR2cnQDymwLB+25ZyMzICg/cm/A==",
      "dependencies": {
        "@swc/counter": "^0.1.3",
        "tslib": "^2.4.0"
      }
    },
    "node_modules/@types/node": {
      "version": "20.17.50",
      "resolved": "https://registry.npmjs.org/@types/node/-/node-20.17.50.tgz",
      "integrity": "sha512-Mxiq0ULv/zo1OzOhwPqOA13I81CV/W3nvd3ChtQZRT5Cwz3cr0FKo/wMSsbTqL3EXpaBAEQhva2B8ByRkOIh9A==",
      "dev": true,
      "dependencies": {
        "undici-types": "~6.19.2"
      }
    },
    "node_modules/@types/prop-types": {
      "version": "15.7.14",
      "resolved": "https://registry.npmjs.org/@types/prop-types/-/prop-types-15.7.14.tgz",
      "integrity": "sha512-gNMvNH49DJ7OJYv+KAKn0Xp45p8PLl6zo2YnvDIbTd4J6MER2BmWN49TG7n9LvkyihINxeKW8+3bfS2yDC9dzQ==",
      "devOptional": true
    },
    "node_modules/@types/react": {
      "version": "18.3.22",
      "resolved": "https://registry.npmjs.org/@types/react/-/react-18.3.22.tgz",
      "integrity": "sha512-vUhG0YmQZ7kL/tmKLrD3g5zXbXXreZXB3pmROW8bg3CnLnpjkRVwUlLne7Ufa2r9yJ8+/6B73RzhAek5TBKh2Q==",
      "devOptional": true,
      "dependencies": {
        "@types/prop-types": "*",
        "csstype": "^3.0.2"
      }
    },
    "node_modules/@types/react-dom": {
      "version": "18.3.7",
      "resolved": "https://registry.npmjs.org/@types/react-dom/-/react-dom-18.3.7.tgz",
      "integrity": "sha512-MEe3UeoENYVFXzoXEWsvcpg6ZvlrFNlOQ7EOsvhI3CfAXwzPfO8Qwuxd40nepsYKqyyVQnTdEfv68q91yLcKrQ==",
      "dev": true,
      "peerDependencies": {
        "@types/react": "^18.0.0"
      }
    },
    "node_modules/ansi-regex": {
      "version": "6.1.0",
      "resolved": "https://registry.npmjs.org/ansi-regex/-/ansi-regex-6.1.0.tgz",
      "integrity": "sha512-7HSX4QQb4CspciLpVFwyRe79O3xsIZDDLER21kERQ71oaPodF8jL725AgJMFAYbooIqolJoRLuM81SpeUkpkvA==",
      "dev": true,
      "engines": {
        "node": ">=12"
      },
      "funding": {
        "url": "https://github.com/chalk/ansi-regex?sponsor=1"
      }
    },
    "node_modules/ansi-styles": {
      "version": "6.2.1",
      "resolved": "https://registry.npmjs.org/ansi-styles/-/ansi-styles-6.2.1.tgz",
      "integrity": "sha512-bN798gFfQX+viw3R7yrGWRqnrN2oRkEkUjjl4JNn4E8GxxbjtG3FbrEIIY3l8/hrwUwIeCZvi4QuOTP4MErVug==",
      "dev": true,
      "engines": {
        "node": ">=12"
      },
      "funding": {
        "url": "https://github.com/chalk/ansi-styles?sponsor=1"
      }
    },
    "node_modules/any-promise": {
      "version": "1.3.0",
      "resolved": "https://registry.npmjs.org/any-promise/-/any-promise-1.3.0.tgz",
      "integrity": "sha512-7UvmKalWRt1wgjL1RrGxoSJW/0QZFIegpeGvZG9kjp8vrRu55XTHbwnqq2GpXm9uLbcuhxm3IqX9OB4MZR1b2A==",
      "dev": true
    },
    "node_modules/anymatch": {
      "version": "3.1.3",
      "resolved": "https://registry.npmjs.org/anymatch/-/anymatch-3.1.3.tgz",
      "integrity": "sha512-KMReFUr0B4t+D+OBkjR3KYqvocp2XaSzO55UcB6mgQMd3KbcE+mWTyvVV7D/zsdEbNnV6acZUutkiHQXvTr1Rw==",
      "dev": true,
      "dependencies": {
        "normalize-path": "^3.0.0",
        "picomatch": "^2.0.4"
      },
      "engines": {
        "node": ">= 8"
      }
    },
    "node_modules/arg": {
      "version": "5.0.2",
      "resolved": "https://registry.npmjs.org/arg/-/arg-5.0.2.tgz",
      "integrity": "sha512-PYjyFOLKQ9y57JvQ6QLo8dAgNqswh8M1RMJYdQduT6xbWSgK36P/Z/v+p888pM69jMMfS8Xd8F6I1kQ/I9HUGg==",
      "dev": true
    },
    "node_modules/autoprefixer": {
      "version": "10.4.21",
      "resolved": "https://registry.npmjs.org/autoprefixer/-/autoprefixer-10.4.21.tgz",
      "integrity": "sha512-O+A6LWV5LDHSJD3LjHYoNi4VLsj/Whi7k6zG12xTYaU4cQ8oxQGckXNX8cRHK5yOZ/ppVHe0ZBXGzSV9jXdVbQ==",
      "dev": true,
      "funding": [
        {
          "type": "opencollective",
          "url": "https://opencollective.com/postcss/"
        },
        {
          "type": "tidelift",
          "url": "https://tidelift.com/funding/github/npm/autoprefixer"
        },
        {
          "type": "github",
          "url": "https://github.com/sponsors/ai"
        }
      ],
      "dependencies": {
        "browserslist": "^4.24.4",
        "caniuse-lite": "^1.0.30001702",
        "fraction.js": "^4.3.7",
        "normalize-range": "^0.1.2",
        "picocolors": "^1.1.1",
        "postcss-value-parser": "^4.2.0"
      },
      "bin": {
        "autoprefixer": "bin/autoprefixer"
      },
      "engines": {
        "node": "^10 || ^12 || >=14"
      },
      "peerDependencies": {
        "postcss": "^8.1.0"
      }
    },
    "node_modules/balanced-match": {
      "version": "1.0.2",
      "resolved": "https://registry.npmjs.org/balanced-match/-/balanced-match-1.0.2.tgz",
      "integrity": "sha512-3oSeUO0TMV67hN1AmbXsK4yaqU7tjiHlbxRDZOpH0KW9+CeX4bRAaX0Anxt0tx2MrpRpWwQaPwIlISEJhYU5Pw==",
      "dev": true
    },
    "node_modules/binary-extensions": {
      "version": "2.3.0",
      "resolved": "https://registry.npmjs.org/binary-extensions/-/binary-extensions-2.3.0.tgz",
      "integrity": "sha512-Ceh+7ox5qe7LJuLHoY0feh3pHuUDHAcRUeyL2VYghZwfpkNIy/+8Ocg0a3UuSoYzavmylwuLWQOf3hl0jjMMIw==",
      "dev": true,
      "engines": {
        "node": ">=8"
      },
      "funding": {
        "url": "https://github.com/sponsors/sindresorhus"
      }
    },
    "node_modules/brace-expansion": {
      "version": "2.0.1",
      "resolved": "https://registry.npmjs.org/brace-expansion/-/brace-expansion-2.0.1.tgz",
      "integrity": "sha512-XnAIvQ8eM+kC6aULx6wuQiwVsnzsi9d3WxzV3FpWTGA19F621kwdbsAcFKXgKUHZWsy+mY6iL1sHTxWEFCytDA==",
      "dev": true,
      "dependencies": {
        "balanced-match": "^1.0.0"
      }
    },
    "node_modules/braces": {
      "version": "3.0.3",
      "resolved": "https://registry.npmjs.org/braces/-/braces-3.0.3.tgz",
      "integrity": "sha512-yQbXgO/OSZVD2IsiLlro+7Hf6Q18EJrKSEsdoMzKePKXct3gvD8oLcOQdIzGupr5Fj+EDe8gO/lxc1BzfMpxvA==",
      "dev": true,
      "dependencies": {
        "fill-range": "^7.1.1"
      },
      "engines": {
        "node": ">=8"
      }
    },
    "node_modules/browserslist": {
      "version": "4.24.5",
      "resolved": "https://registry.npmjs.org/browserslist/-/browserslist-4.24.5.tgz",
      "integrity": "sha512-FDToo4Wo82hIdgc1CQ+NQD0hEhmpPjrZ3hiUgwgOG6IuTdlpr8jdjyG24P6cNP1yJpTLzS5OcGgSw0xmDU1/Tw==",
      "dev": true,
      "funding": [
        {
          "type": "opencollective",
          "url": "https://opencollective.com/browserslist"
        },
        {
          "type": "tidelift",
          "url": "https://tidelift.com/funding/github/npm/browserslist"
        },
        {
          "type": "github",
          "url": "https://github.com/sponsors/ai"
        }
      ],
      "dependencies": {
        "caniuse-lite": "^1.0.30001716",
        "electron-to-chromium": "^1.5.149",
        "node-releases": "^2.0.19",
        "update-browserslist-db": "^1.1.3"
      },
      "bin": {
        "browserslist": "cli.js"
      },
      "engines": {
        "node": "^6 || ^7 || ^8 || ^9 || ^10 || ^11 || ^12 || >=13.7"
      }
    },
    "node_modules/busboy": {
      "version": "1.6.0",
      "resolved": "https://registry.npmjs.org/busboy/-/busboy-1.6.0.tgz",
      "integrity": "sha512-8SFQbg/0hQ9xy3UNTB0YEnsNBbWfhf7RtnzpL7TkBiTBRfrQ9Fxcnz7VJsleJpyp6rVLvXiuORqjlHi5q+PYuA==",
      "dependencies": {
        "streamsearch": "^1.1.0"
      },
      "engines": {
        "node": ">=10.16.0"
      }
    },
    "node_modules/camelcase-css": {
      "version": "2.0.1",
      "resolved": "https://registry.npmjs.org/camelcase-css/-/camelcase-css-2.0.1.tgz",
      "integrity": "sha512-QOSvevhslijgYwRx6Rv7zKdMF8lbRmx+uQGx2+vDc+KI/eBnsy9kit5aj23AgGu3pa4t9AgwbnXWqS+iOY+2aA==",
      "dev": true,
      "engines": {
        "node": ">= 6"
      }
    },
    "node_modules/caniuse-lite": {
      "version": "1.0.30001718",
      "resolved": "https://registry.npmjs.org/caniuse-lite/-/caniuse-lite-1.0.30001718.tgz",
      "integrity": "sha512-AflseV1ahcSunK53NfEs9gFWgOEmzr0f+kaMFA4xiLZlr9Hzt7HxcSpIFcnNCUkz6R6dWKa54rUz3HUmI3nVcw==",
      "funding": [
        {
          "type": "opencollective",
          "url": "https://opencollective.com/browserslist"
        },
        {
          "type": "tidelift",
          "url": "https://tidelift.com/funding/github/npm/caniuse-lite"
        },
        {
          "type": "github",
          "url": "https://github.com/sponsors/ai"
        }
      ]
    },
    "node_modules/chart.js": {
      "version": "4.4.9",
      "resolved": "https://registry.npmjs.org/chart.js/-/chart.js-4.4.9.tgz",
      "integrity": "sha512-EyZ9wWKgpAU0fLJ43YAEIF8sr5F2W3LqbS40ZJyHIner2lY14ufqv2VMp69MAiZ2rpwxEUxEhIH/0U3xyRynxg==",
      "dependencies": {
        "@kurkle/color": "^0.3.0"
      },
      "engines": {
        "pnpm": ">=8"
      }
    },
    "node_modules/chokidar": {
      "version": "3.6.0",
      "resolved": "https://registry.npmjs.org/chokidar/-/chokidar-3.6.0.tgz",
      "integrity": "sha512-7VT13fmjotKpGipCW9JEQAusEPE+Ei8nl6/g4FBAmIm0GOOLMua9NDDo/DWp0ZAxCr3cPq5ZpBqmPAQgDda2Pw==",
      "dev": true,
      "dependencies": {
        "anymatch": "~3.1.2",
        "braces": "~3.0.2",
        "glob-parent": "~5.1.2",
        "is-binary-path": "~2.1.0",
        "is-glob": "~4.0.1",
        "normalize-path": "~3.0.0",
        "readdirp": "~3.6.0"
      },
      "engines": {
        "node": ">= 8.10.0"
      },
      "funding": {
        "url": "https://paulmillr.com/funding/"
      },
      "optionalDependencies": {
        "fsevents": "~2.3.2"
      }
    },
    "node_modules/chokidar/node_modules/glob-parent": {
      "version": "5.1.2",
      "resolved": "https://registry.npmjs.org/glob-parent/-/glob-parent-5.1.2.tgz",
      "integrity": "sha512-AOIgSQCepiJYwP3ARnGx+5VnTu2HBYdzbGP45eLw1vr3zB3vZLeyed1sC9hnbcOc9/SrMyM5RPQrkGz4aS9Zow==",
      "dev": true,
      "dependencies": {
        "is-glob": "^4.0.1"
      },
      "engines": {
        "node": ">= 6"
      }
    },
    "node_modules/client-only": {
      "version": "0.0.1",
      "resolved": "https://registry.npmjs.org/client-only/-/client-only-0.0.1.tgz",
      "integrity": "sha512-IV3Ou0jSMzZrd3pZ48nLkT9DA7Ag1pnPzaiQhpW7c3RbcqqzvzzVu+L8gfqMp/8IM2MQtSiqaCxrrcfu8I8rMA=="
    },
    "node_modules/clsx": {
      "version": "2.1.1",
      "resolved": "https://registry.npmjs.org/clsx/-/clsx-2.1.1.tgz",
      "integrity": "sha512-eYm0QWBtUrBWZWG0d386OGAw16Z995PiOVo2B7bjWSbHedGl5e0ZWaq65kOGgUSNesEIDkB9ISbTg/JK9dhCZA==",
      "engines": {
        "node": ">=6"
      }
    },
    "node_modules/color-convert": {
      "version": "2.0.1",
      "resolved": "https://registry.npmjs.org/color-convert/-/color-convert-2.0.1.tgz",
      "integrity": "sha512-RRECPsj7iu/xb5oKYcsFHSppFNnsj/52OVTRKb4zP5onXwVF3zVmmToNcOfGC+CRDpfK/U584fMg38ZHCaElKQ==",
      "dev": true,
      "dependencies": {
        "color-name": "~1.1.4"
      },
      "engines": {
        "node": ">=7.0.0"
      }
    },
    "node_modules/color-name": {
      "version": "1.1.4",
      "resolved": "https://registry.npmjs.org/color-name/-/color-name-1.1.4.tgz",
      "integrity": "sha512-dOy+3AuW3a2wNbZHIuMZpTcgjGuLU/uBL/ubcZF9OXbDo8ff4O8yVp5Bf0efS8uEoYo5q4Fx7dY9OgQGXgAsQA==",
      "dev": true
    },
    "node_modules/commander": {
      "version": "4.1.1",
      "resolved": "https://registry.npmjs.org/commander/-/commander-4.1.1.tgz",
      "integrity": "sha512-NOKm8xhkzAjzFx8B2v5OAHT+u5pRQc2UCa2Vq9jYL/31o2wi9mxBA7LIFs3sV5VSC49z6pEhfbMULvShKj26WA==",
      "dev": true,
      "engines": {
        "node": ">= 6"
      }
    },
    "node_modules/cross-spawn": {
      "version": "7.0.6",
      "resolved": "https://registry.npmjs.org/cross-spawn/-/cross-spawn-7.0.6.tgz",
      "integrity": "sha512-uV2QOWP2nWzsy2aMp8aRibhi9dlzF5Hgh5SHaB9OiTGEyDTiJJyx0uy51QXdyWbtAHNua4XJzUKca3OzKUd3vA==",
      "dev": true,
      "dependencies": {
        "path-key": "^3.1.0",
        "shebang-command": "^2.0.0",
        "which": "^2.0.1"
      },
      "engines": {
        "node": ">= 8"
      }
    },
    "node_modules/cssesc": {
      "version": "3.0.0",
      "resolved": "https://registry.npmjs.org/cssesc/-/cssesc-3.0.0.tgz",
      "integrity": "sha512-/Tb/JcjK111nNScGob5MNtsntNM1aCNUDipB/TkwZFhyDrrE47SOx/18wF2bbjgc3ZzCSKW1T5nt5EbFoAz/Vg==",
      "dev": true,
      "bin": {
        "cssesc": "bin/cssesc"
      },
      "engines": {
        "node": ">=4"
      }
    },
    "node_modules/csstype": {
      "version": "3.1.3",
      "resolved": "https://registry.npmjs.org/csstype/-/csstype-3.1.3.tgz",
      "integrity": "sha512-M1uQkMl8rQK/szD0LNhtqxIPLpimGm8sOBwU7lLnCpSbTyY3yeU1Vc7l4KT5zT4s/yOxHH5O7tIuuLOCnLADRw==",
      "devOptional": true
    },
    "node_modules/didyoumean": {
      "version": "1.2.2",
      "resolved": "https://registry.npmjs.org/didyoumean/-/didyoumean-1.2.2.tgz",
      "integrity": "sha512-gxtyfqMg7GKyhQmb056K7M3xszy/myH8w+B4RT+QXBQsvAOdc3XymqDDPHx1BgPgsdAA5SIifona89YtRATDzw==",
      "dev": true
    },
    "node_modules/dlv": {
      "version": "1.1.3",
      "resolved": "https://registry.npmjs.org/dlv/-/dlv-1.1.3.tgz",
      "integrity": "sha512-+HlytyjlPKnIG8XuRG8WvmBP8xs8P71y+SKKS6ZXWoEgLuePxtDoUEiH7WkdePWrQ5JBpE6aoVqfZfJUQkjXwA==",
      "dev": true
    },
    "node_modules/eastasianwidth": {
      "version": "0.2.0",
      "resolved": "https://registry.npmjs.org/eastasianwidth/-/eastasianwidth-0.2.0.tgz",
      "integrity": "sha512-I88TYZWc9XiYHRQ4/3c5rjjfgkjhLyW2luGIheGERbNQ6OY7yTybanSpDXZa8y7VUP9YmDcYa+eyq4ca7iLqWA==",
      "dev": true
    },
    "node_modules/electron-to-chromium": {
      "version": "1.5.157",
      "resolved": "https://registry.npmjs.org/electron-to-chromium/-/electron-to-chromium-1.5.157.tgz",
      "integrity": "sha512-/0ybgsQd1muo8QlnuTpKwtl0oX5YMlUGbm8xyqgDU00motRkKFFbUJySAQBWcY79rVqNLWIWa87BGVGClwAB2w==",
      "dev": true
    },
    "node_modules/emoji-regex": {
      "version": "9.2.2",
      "resolved": "https://registry.npmjs.org/emoji-regex/-/emoji-regex-9.2.2.tgz",
      "integrity": "sha512-L18DaJsXSUk2+42pv8mLs5jJT2hqFkFE4j21wOmgbUqsZ2hL72NsUU785g9RXgo3s0ZNgVl42TiHp3ZtOv/Vyg==",
      "dev": true
    },
    "node_modules/escalade": {
      "version": "3.2.0",
      "resolved": "https://registry.npmjs.org/escalade/-/escalade-3.2.0.tgz",
      "integrity": "sha512-WUj2qlxaQtO4g6Pq5c29GTcWGDyd8itL8zTlipgECz3JesAiiOKotd8JU6otB3PACgG6xkJUyVhboMS+bje/jA==",
      "dev": true,
      "engines": {
        "node": ">=6"
      }
    },
    "node_modules/fast-glob": {
      "version": "3.3.3",
      "resolved": "https://registry.npmjs.org/fast-glob/-/fast-glob-3.3.3.tgz",
      "integrity": "sha512-7MptL8U0cqcFdzIzwOTHoilX9x5BrNqye7Z/LuC7kCMRio1EMSyqRK3BEAUD7sXRq4iT4AzTVuZdhgQ2TCvYLg==",
      "dev": true,
      "dependencies": {
        "@nodelib/fs.stat": "^2.0.2",
        "@nodelib/fs.walk": "^1.2.3",
        "glob-parent": "^5.1.2",
        "merge2": "^1.3.0",
        "micromatch": "^4.0.8"
      },
      "engines": {
        "node": ">=8.6.0"
      }
    },
    "node_modules/fast-glob/node_modules/glob-parent": {
      "version": "5.1.2",
      "resolved": "https://registry.npmjs.org/glob-parent/-/glob-parent-5.1.2.tgz",
      "integrity": "sha512-AOIgSQCepiJYwP3ARnGx+5VnTu2HBYdzbGP45eLw1vr3zB3vZLeyed1sC9hnbcOc9/SrMyM5RPQrkGz4aS9Zow==",
      "dev": true,
      "dependencies": {
        "is-glob": "^4.0.1"
      },
      "engines": {
        "node": ">= 6"
      }
    },
    "node_modules/fastq": {
      "version": "1.19.1",
      "resolved": "https://registry.npmjs.org/fastq/-/fastq-1.19.1.tgz",
      "integrity": "sha512-GwLTyxkCXjXbxqIhTsMI2Nui8huMPtnxg7krajPJAjnEG/iiOS7i+zCtWGZR9G0NBKbXKh6X9m9UIsYX/N6vvQ==",
      "dev": true,
      "dependencies": {
        "reusify": "^1.0.4"
      }
    },
    "node_modules/fill-range": {
      "version": "7.1.1",
      "resolved": "https://registry.npmjs.org/fill-range/-/fill-range-7.1.1.tgz",
      "integrity": "sha512-YsGpe3WHLK8ZYi4tWDg2Jy3ebRz2rXowDxnld4bkQB00cc/1Zw9AWnC0i9ztDJitivtQvaI9KaLyKrc+hBW0yg==",
      "dev": true,
      "dependencies": {
        "to-regex-range": "^5.0.1"
      },
      "engines": {
        "node": ">=8"
      }
    },
    "node_modules/foreground-child": {
      "version": "3.3.1",
      "resolved": "https://registry.npmjs.org/foreground-child/-/foreground-child-3.3.1.tgz",
      "integrity": "sha512-gIXjKqtFuWEgzFRJA9WCQeSJLZDjgJUOMCMzxtvFq/37KojM1BFGufqsCy0r4qSQmYLsZYMeyRqzIWOMup03sw==",
      "dev": true,
      "dependencies": {
        "cross-spawn": "^7.0.6",
        "signal-exit": "^4.0.1"
      },
      "engines": {
        "node": ">=14"
      },
      "funding": {
        "url": "https://github.com/sponsors/isaacs"
      }
    },
    "node_modules/fraction.js": {
      "version": "4.3.7",
      "resolved": "https://registry.npmjs.org/fraction.js/-/fraction.js-4.3.7.tgz",
      "integrity": "sha512-ZsDfxO51wGAXREY55a7la9LScWpwv9RxIrYABrlvOFBlH/ShPnrtsXeuUIfXKKOVicNxQ+o8JTbJvjS4M89yew==",
      "dev": true,
      "engines": {
        "node": "*"
      },
      "funding": {
        "type": "patreon",
        "url": "https://github.com/sponsors/rawify"
      }
    },
    "node_modules/framer-motion": {
      "version": "12.12.2",
      "resolved": "https://registry.npmjs.org/framer-motion/-/framer-motion-12.12.2.tgz",
      "integrity": "sha512-qCszZCiGWkilL40E3VuhIJJC/CS3SIBl2IHyGK8FU30nOUhTmhBNWPrNFyozAWH/bXxwzi19vJHIGVdALF0LCg==",
      "dependencies": {
        "motion-dom": "^12.12.1",
        "motion-utils": "^12.12.1",
        "tslib": "^2.4.0"
      },
      "peerDependencies": {
        "@emotion/is-prop-valid": "*",
        "react": "^18.0.0 || ^19.0.0",
        "react-dom": "^18.0.0 || ^19.0.0"
      },
      "peerDependenciesMeta": {
        "@emotion/is-prop-valid": {
          "optional": true
        },
        "react": {
          "optional": true
        },
        "react-dom": {
          "optional": true
        }
      }
    },
    "node_modules/fsevents": {
      "version": "2.3.3",
      "resolved": "https://registry.npmjs.org/fsevents/-/fsevents-2.3.3.tgz",
      "integrity": "sha512-5xoDfX+fL7faATnagmWPpbFtwh/R77WmMMqqHGS65C3vvB0YHrgF+B1YmZ3441tMj5n63k0212XNoJwzlhffQw==",
      "dev": true,
      "hasInstallScript": true,
      "optional": true,
      "os": [
        "darwin"
      ],
      "engines": {
        "node": "^8.16.0 || ^10.6.0 || >=11.0.0"
      }
    },
    "node_modules/function-bind": {
      "version": "1.1.2",
      "resolved": "https://registry.npmjs.org/function-bind/-/function-bind-1.1.2.tgz",
      "integrity": "sha512-7XHNxH7qX9xG5mIwxkhumTox/MIRNcOgDrxWsMt2pAr23WHp6MrRlN7FBSFpCpr+oVO0F744iUgR82nJMfG2SA==",
      "dev": true,
      "funding": {
        "url": "https://github.com/sponsors/ljharb"
      }
    },
    "node_modules/glob": {
      "version": "10.4.5",
      "resolved": "https://registry.npmjs.org/glob/-/glob-10.4.5.tgz",
      "integrity": "sha512-7Bv8RF0k6xjo7d4A/PxYLbUCfb6c+Vpd2/mB2yRDlew7Jb5hEXiCD9ibfO7wpk8i4sevK6DFny9h7EYbM3/sHg==",
      "dev": true,
      "dependencies": {
        "foreground-child": "^3.1.0",
        "jackspeak": "^3.1.2",
        "minimatch": "^9.0.4",
        "minipass": "^7.1.2",
        "package-json-from-dist": "^1.0.0",
        "path-scurry": "^1.11.1"
      },
      "bin": {
        "glob": "dist/esm/bin.mjs"
      },
      "funding": {
        "url": "https://github.com/sponsors/isaacs"
      }
    },
    "node_modules/glob-parent": {
      "version": "6.0.2",
      "resolved": "https://registry.npmjs.org/glob-parent/-/glob-parent-6.0.2.tgz",
      "integrity": "sha512-XxwI8EOhVQgWp6iDL+3b0r86f4d6AX6zSU55HfB4ydCEuXLXc5FcYeOu+nnGftS4TEju/11rt4KJPTMgbfmv4A==",
      "dev": true,
      "dependencies": {
        "is-glob": "^4.0.3"
      },
      "engines": {
        "node": ">=10.13.0"
      }
    },
    "node_modules/graceful-fs": {
      "version": "4.2.11",
      "resolved": "https://registry.npmjs.org/graceful-fs/-/graceful-fs-4.2.11.tgz",
      "integrity": "sha512-RbJ5/jmFcNNCcDV5o9eTnBLJ/HszWV0P73bc+Ff4nS/rJj+YaS6IGyiOL0VoBYX+l1Wrl3k63h/KrH+nhJ0XvQ=="
    },
    "node_modules/hasown": {
      "version": "2.0.2",
      "resolved": "https://registry.npmjs.org/hasown/-/hasown-2.0.2.tgz",
      "integrity": "sha512-0hJU9SCPvmMzIBdZFqNPXWa6dqh7WdH0cII9y+CyS8rG3nL48Bclra9HmKhVVUHyPWNH5Y7xDwAB7bfgSjkUMQ==",
      "dev": true,
      "dependencies": {
        "function-bind": "^1.1.2"
      },
      "engines": {
        "node": ">= 0.4"
      }
    },
    "node_modules/is-binary-path": {
      "version": "2.1.0",
      "resolved": "https://registry.npmjs.org/is-binary-path/-/is-binary-path-2.1.0.tgz",
      "integrity": "sha512-ZMERYes6pDydyuGidse7OsHxtbI7WVeUEozgR/g7rd0xUimYNlvZRE/K2MgZTjWy725IfelLeVcEM97mmtRGXw==",
      "dev": true,
      "dependencies": {
        "binary-extensions": "^2.0.0"
      },
      "engines": {
        "node": ">=8"
      }
    },
    "node_modules/is-core-module": {
      "version": "2.16.1",
      "resolved": "https://registry.npmjs.org/is-core-module/-/is-core-module-2.16.1.tgz",
      "integrity": "sha512-UfoeMA6fIJ8wTYFEUjelnaGI67v6+N7qXJEvQuIGa99l4xsCruSYOVSQ0uPANn4dAzm8lkYPaKLrrijLq7x23w==",
      "dev": true,
      "dependencies": {
        "hasown": "^2.0.2"
      },
      "engines": {
        "node": ">= 0.4"
      },
      "funding": {
        "url": "https://github.com/sponsors/ljharb"
      }
    },
    "node_modules/is-extglob": {
      "version": "2.1.1",
      "resolved": "https://registry.npmjs.org/is-extglob/-/is-extglob-2.1.1.tgz",
      "integrity": "sha512-SbKbANkN603Vi4jEZv49LeVJMn4yGwsbzZworEoyEiutsN3nJYdbO36zfhGJ6QEDpOZIFkDtnq5JRxmvl3jsoQ==",
      "dev": true,
      "engines": {
        "node": ">=0.10.0"
      }
    },
    "node_modules/is-fullwidth-code-point": {
      "version": "3.0.0",
      "resolved": "https://registry.npmjs.org/is-fullwidth-code-point/-/is-fullwidth-code-point-3.0.0.tgz",
      "integrity": "sha512-zymm5+u+sCsSWyD9qNaejV3DFvhCKclKdizYaJUuHA83RLjb7nSuGnddCHGv0hk+KY7BMAlsWeK4Ueg6EV6XQg==",
      "dev": true,
      "engines": {
        "node": ">=8"
      }
    },
    "node_modules/is-glob": {
      "version": "4.0.3",
      "resolved": "https://registry.npmjs.org/is-glob/-/is-glob-4.0.3.tgz",
      "integrity": "sha512-xelSayHH36ZgE7ZWhli7pW34hNbNl8Ojv5KVmkJD4hBdD3th8Tfk9vYasLM+mXWOZhFkgZfxhLSnrwRr4elSSg==",
      "dev": true,
      "dependencies": {
        "is-extglob": "^2.1.1"
      },
      "engines": {
        "node": ">=0.10.0"
      }
    },
    "node_modules/is-number": {
      "version": "7.0.0",
      "resolved": "https://registry.npmjs.org/is-number/-/is-number-7.0.0.tgz",
      "integrity": "sha512-41Cifkg6e8TylSpdtTpeLVMqvSBEVzTttHvERD741+pnZ8ANv0004MRL43QKPDlK9cGvNp6NZWZUBlbGXYxxng==",
      "dev": true,
      "engines": {
        "node": ">=0.12.0"
      }
    },
    "node_modules/isexe": {
      "version": "2.0.0",
      "resolved": "https://registry.npmjs.org/isexe/-/isexe-2.0.0.tgz",
      "integrity": "sha512-RHxMLp9lnKHGHRng9QFhRCMbYAcVpn69smSGcq3f36xjgVVWThj4qqLbTLlq7Ssj8B+fIQ1EuCEGI2lKsyQeIw==",
      "dev": true
    },
    "node_modules/jackspeak": {
      "version": "3.4.3",
      "resolved": "https://registry.npmjs.org/jackspeak/-/jackspeak-3.4.3.tgz",
      "integrity": "sha512-OGlZQpz2yfahA/Rd1Y8Cd9SIEsqvXkLVoSw/cgwhnhFMDbsQFeZYoJJ7bIZBS9BcamUW96asq/npPWugM+RQBw==",
      "dev": true,
      "dependencies": {
        "@isaacs/cliui": "^8.0.2"
      },
      "funding": {
        "url": "https://github.com/sponsors/isaacs"
      },
      "optionalDependencies": {
        "@pkgjs/parseargs": "^0.11.0"
      }
    },
    "node_modules/jiti": {
      "version": "1.21.7",
      "resolved": "https://registry.npmjs.org/jiti/-/jiti-1.21.7.tgz",
      "integrity": "sha512-/imKNG4EbWNrVjoNC/1H5/9GFy+tqjGBHCaSsN+P2RnPqjsLmv6UD3Ej+Kj8nBWaRAwyk7kK5ZUc+OEatnTR3A==",
      "dev": true,
      "bin": {
        "jiti": "bin/jiti.js"
      }
    },
    "node_modules/js-tokens": {
      "version": "4.0.0",
      "resolved": "https://registry.npmjs.org/js-tokens/-/js-tokens-4.0.0.tgz",
      "integrity": "sha512-RdJUflcE3cUzKiMqQgsCu06FPu9UdIJO0beYbPhHN4k6apgJtifcoCtT9bcxOpYBtpD2kCM6Sbzg4CausW/PKQ=="
    },
    "node_modules/lilconfig": {
      "version": "3.1.3",
      "resolved": "https://registry.npmjs.org/lilconfig/-/lilconfig-3.1.3.tgz",
      "integrity": "sha512-/vlFKAoH5Cgt3Ie+JLhRbwOsCQePABiU3tJ1egGvyQ+33R/vcwM2Zl2QR/LzjsBeItPt3oSVXapn+m4nQDvpzw==",
      "dev": true,
      "engines": {
        "node": ">=14"
      },
      "funding": {
        "url": "https://github.com/sponsors/antonk52"
      }
    },
    "node_modules/lines-and-columns": {
      "version": "1.2.4",
      "resolved": "https://registry.npmjs.org/lines-and-columns/-/lines-and-columns-1.2.4.tgz",
      "integrity": "sha512-7ylylesZQ/PV29jhEDl3Ufjo6ZX7gCqJr5F7PKrqc93v7fzSymt1BpwEU8nAUXs8qzzvqhbjhK5QZg6Mt/HkBg==",
      "dev": true
    },
    "node_modules/loose-envify": {
      "version": "1.4.0",
      "resolved": "https://registry.npmjs.org/loose-envify/-/loose-envify-1.4.0.tgz",
      "integrity": "sha512-lyuxPGr/Wfhrlem2CL/UcnUc1zcqKAImBDzukY7Y5F/yQiNdko6+fRLevlw1HgMySw7f611UIY408EtxRSoK3Q==",
      "dependencies": {
        "js-tokens": "^3.0.0 || ^4.0.0"
      },
      "bin": {
        "loose-envify": "cli.js"
      }
    },
    "node_modules/lru-cache": {
      "version": "10.4.3",
      "resolved": "https://registry.npmjs.org/lru-cache/-/lru-cache-10.4.3.tgz",
      "integrity": "sha512-JNAzZcXrCt42VGLuYz0zfAzDfAvJWW6AfYlDBQyDV5DClI2m5sAmK+OIO7s59XfsRsWHp02jAJrRadPRGTt6SQ==",
      "dev": true
    },
    "node_modules/merge2": {
      "version": "1.4.1",
      "resolved": "https://registry.npmjs.org/merge2/-/merge2-1.4.1.tgz",
      "integrity": "sha512-8q7VEgMJW4J8tcfVPy8g09NcQwZdbwFEqhe/WZkoIzjn/3TGDwtOCYtXGxA3O8tPzpczCCDgv+P2P5y00ZJOOg==",
      "dev": true,
      "engines": {
        "node": ">= 8"
      }
    },
    "node_modules/micromatch": {
      "version": "4.0.8",
      "resolved": "https://registry.npmjs.org/micromatch/-/micromatch-4.0.8.tgz",
      "integrity": "sha512-PXwfBhYu0hBCPw8Dn0E+WDYb7af3dSLVWKi3HGv84IdF4TyFoC0ysxFd0Goxw7nSv4T/PzEJQxsYsEiFCKo2BA==",
      "dev": true,
      "dependencies": {
        "braces": "^3.0.3",
        "picomatch": "^2.3.1"
      },
      "engines": {
        "node": ">=8.6"
      }
    },
    "node_modules/minimatch": {
      "version": "9.0.5",
      "resolved": "https://registry.npmjs.org/minimatch/-/minimatch-9.0.5.tgz",
      "integrity": "sha512-G6T0ZX48xgozx7587koeX9Ys2NYy6Gmv//P89sEte9V9whIapMNF4idKxnW2QtCcLiTWlb/wfCabAtAFWhhBow==",
      "dev": true,
      "dependencies": {
        "brace-expansion": "^2.0.1"
      },
      "engines": {
        "node": ">=16 || 14 >=14.17"
      },
      "funding": {
        "url": "https://github.com/sponsors/isaacs"
      }
    },
    "node_modules/minipass": {
      "version": "7.1.2",
      "resolved": "https://registry.npmjs.org/minipass/-/minipass-7.1.2.tgz",
      "integrity": "sha512-qOOzS1cBTWYF4BH8fVePDBOO9iptMnGUEZwNc/cMWnTV2nVLZ7VoNWEPHkYczZA0pdoA7dl6e7FL659nX9S2aw==",
      "dev": true,
      "engines": {
        "node": ">=16 || 14 >=14.17"
      }
    },
    "node_modules/motion-dom": {
      "version": "12.12.1",
      "resolved": "https://registry.npmjs.org/motion-dom/-/motion-dom-12.12.1.tgz",
      "integrity": "sha512-GXq/uUbZBEiFFE+K1Z/sxdPdadMdfJ/jmBALDfIuHGi0NmtealLOfH9FqT+6aNPgVx8ilq0DtYmyQlo6Uj9LKQ==",
      "dependencies": {
        "motion-utils": "^12.12.1"
      }
    },
    "node_modules/motion-utils": {
      "version": "12.12.1",
      "resolved": "https://registry.npmjs.org/motion-utils/-/motion-utils-12.12.1.tgz",
      "integrity": "sha512-f9qiqUHm7hWSLlNW8gS9pisnsN7CRFRD58vNjptKdsqFLpkVnX00TNeD6Q0d27V9KzT7ySFyK1TZ/DShfVOv6w=="
    },
    "node_modules/mz": {
      "version": "2.7.0",
      "resolved": "https://registry.npmjs.org/mz/-/mz-2.7.0.tgz",
      "integrity": "sha512-z81GNO7nnYMEhrGh9LeymoE4+Yr0Wn5McHIZMK5cfQCl+NDX08sCZgUc9/6MHni9IWuFLm1Z3HTCXu2z9fN62Q==",
      "dev": true,
      "dependencies": {
        "any-promise": "^1.0.0",
        "object-assign": "^4.0.1",
        "thenify-all": "^1.0.0"
      }
    },
    "node_modules/nanoid": {
      "version": "3.3.11",
      "resolved": "https://registry.npmjs.org/nanoid/-/nanoid-3.3.11.tgz",
      "integrity": "sha512-N8SpfPUnUp1bK+PMYW8qSWdl9U+wwNWI4QKxOYDy9JAro3WMX7p2OeVRF9v+347pnakNevPmiHhNmZ2HbFA76w==",
      "funding": [
        {
          "type": "github",
          "url": "https://github.com/sponsors/ai"
        }
      ],
      "bin": {
        "nanoid": "bin/nanoid.cjs"
      },
      "engines": {
        "node": "^10 || ^12 || ^13.7 || ^14 || >=15.0.1"
      }
    },
    "node_modules/next": {
      "version": "14.2.29",
      "resolved": "https://registry.npmjs.org/next/-/next-14.2.29.tgz",
      "integrity": "sha512-s98mCOMOWLGGpGOfgKSnleXLuegvvH415qtRZXpSp00HeEgdmrxmwL9cgKU+h4XrhB16zEI5d/7BnkS3ATInsA==",
      "dependencies": {
        "@next/env": "14.2.29",
        "@swc/helpers": "0.5.5",
        "busboy": "1.6.0",
        "caniuse-lite": "^1.0.30001579",
        "graceful-fs": "^4.2.11",
        "postcss": "8.4.31",
        "styled-jsx": "5.1.1"
      },
      "bin": {
        "next": "dist/bin/next"
      },
      "engines": {
        "node": ">=18.17.0"
      },
      "optionalDependencies": {
        "@next/swc-darwin-arm64": "14.2.29",
        "@next/swc-darwin-x64": "14.2.29",
        "@next/swc-linux-arm64-gnu": "14.2.29",
        "@next/swc-linux-arm64-musl": "14.2.29",
        "@next/swc-linux-x64-gnu": "14.2.29",
        "@next/swc-linux-x64-musl": "14.2.29",
        "@next/swc-win32-arm64-msvc": "14.2.29",
        "@next/swc-win32-ia32-msvc": "14.2.29",
        "@next/swc-win32-x64-msvc": "14.2.29"
      },
      "peerDependencies": {
        "@opentelemetry/api": "^1.1.0",
        "@playwright/test": "^1.41.2",
        "react": "^18.2.0",
        "react-dom": "^18.2.0",
        "sass": "^1.3.0"
      },
      "peerDependenciesMeta": {
        "@opentelemetry/api": {
          "optional": true
        },
        "@playwright/test": {
          "optional": true
        },
        "sass": {
          "optional": true
        }
      }
    },
    "node_modules/next/node_modules/postcss": {
      "version": "8.4.31",
      "resolved": "https://registry.npmjs.org/postcss/-/postcss-8.4.31.tgz",
      "integrity": "sha512-PS08Iboia9mts/2ygV3eLpY5ghnUcfLV/EXTOW1E2qYxJKGGBUtNjN76FYHnMs36RmARn41bC0AZmn+rR0OVpQ==",
      "funding": [
        {
          "type": "opencollective",
          "url": "https://opencollective.com/postcss/"
        },
        {
          "type": "tidelift",
          "url": "https://tidelift.com/funding/github/npm/postcss"
        },
        {
          "type": "github",
          "url": "https://github.com/sponsors/ai"
        }
      ],
      "dependencies": {
        "nanoid": "^3.3.6",
        "picocolors": "^1.0.0",
        "source-map-js": "^1.0.2"
      },
      "engines": {
        "node": "^10 || ^12 || >=14"
      }
    },
    "node_modules/node-releases": {
      "version": "2.0.19",
      "resolved": "https://registry.npmjs.org/node-releases/-/node-releases-2.0.19.tgz",
      "integrity": "sha512-xxOWJsBKtzAq7DY0J+DTzuz58K8e7sJbdgwkbMWQe8UYB6ekmsQ45q0M/tJDsGaZmbC+l7n57UV8Hl5tHxO9uw==",
      "dev": true
    },
    "node_modules/normalize-path": {
      "version": "3.0.0",
      "resolved": "https://registry.npmjs.org/normalize-path/-/normalize-path-3.0.0.tgz",
      "integrity": "sha512-6eZs5Ls3WtCisHWp9S2GUy8dqkpGi4BVSz3GaqiE6ezub0512ESztXUwUB6C6IKbQkY2Pnb/mD4WYojCRwcwLA==",
      "dev": true,
      "engines": {
        "node": ">=0.10.0"
      }
    },
    "node_modules/normalize-range": {
      "version": "0.1.2",
      "resolved": "https://registry.npmjs.org/normalize-range/-/normalize-range-0.1.2.tgz",
      "integrity": "sha512-bdok/XvKII3nUpklnV6P2hxtMNrCboOjAcyBuQnWEhO665FwrSNRxU+AqpsyvO6LgGYPspN+lu5CLtw4jPRKNA==",
      "dev": true,
      "engines": {
        "node": ">=0.10.0"
      }
    },
    "node_modules/object-assign": {
      "version": "4.1.1",
      "resolved": "https://registry.npmjs.org/object-assign/-/object-assign-4.1.1.tgz",
      "integrity": "sha512-rJgTQnkUnH1sFw8yT6VSU3zD3sWmu6sZhIseY8VX+GRu3P6F7Fu+JNDoXfklElbLJSnc3FUQHVe4cU5hj+BcUg==",
      "dev": true,
      "engines": {
        "node": ">=0.10.0"
      }
    },
    "node_modules/object-hash": {
      "version": "3.0.0",
      "resolved": "https://registry.npmjs.org/object-hash/-/object-hash-3.0.0.tgz",
      "integrity": "sha512-RSn9F68PjH9HqtltsSnqYC1XXoWe9Bju5+213R98cNGttag9q9yAOTzdbsqvIa7aNm5WffBZFpWYr2aWrklWAw==",
      "dev": true,
      "engines": {
        "node": ">= 6"
      }
    },
    "node_modules/package-json-from-dist": {
      "version": "1.0.1",
      "resolved": "https://registry.npmjs.org/package-json-from-dist/-/package-json-from-dist-1.0.1.tgz",
      "integrity": "sha512-UEZIS3/by4OC8vL3P2dTXRETpebLI2NiI5vIrjaD/5UtrkFX/tNbwjTSRAGC/+7CAo2pIcBaRgWmcBBHcsaCIw==",
      "dev": true
    },
    "node_modules/path-key": {
      "version": "3.1.1",
      "resolved": "https://registry.npmjs.org/path-key/-/path-key-3.1.1.tgz",
      "integrity": "sha512-ojmeN0qd+y0jszEtoY48r0Peq5dwMEkIlCOu6Q5f41lfkswXuKtYrhgoTpLnyIcHm24Uhqx+5Tqm2InSwLhE6Q==",
      "dev": true,
      "engines": {
        "node": ">=8"
      }
    },
    "node_modules/path-parse": {
      "version": "1.0.7",
      "resolved": "https://registry.npmjs.org/path-parse/-/path-parse-1.0.7.tgz",
      "integrity": "sha512-LDJzPVEEEPR+y48z93A0Ed0yXb8pAByGWo/k5YYdYgpY2/2EsOsksJrq7lOHxryrVOn1ejG6oAp8ahvOIQD8sw==",
      "dev": true
    },
    "node_modules/path-scurry": {
      "version": "1.11.1",
      "resolved": "https://registry.npmjs.org/path-scurry/-/path-scurry-1.11.1.tgz",
      "integrity": "sha512-Xa4Nw17FS9ApQFJ9umLiJS4orGjm7ZzwUrwamcGQuHSzDyth9boKDaycYdDcZDuqYATXw4HFXgaqWTctW/v1HA==",
      "dev": true,
      "dependencies": {
        "lru-cache": "^10.2.0",
        "minipass": "^5.0.0 || ^6.0.2 || ^7.0.0"
      },
      "engines": {
        "node": ">=16 || 14 >=14.18"
      },
      "funding": {
        "url": "https://github.com/sponsors/isaacs"
      }
    },
    "node_modules/picocolors": {
      "version": "1.1.1",
      "resolved": "https://registry.npmjs.org/picocolors/-/picocolors-1.1.1.tgz",
      "integrity": "sha512-xceH2snhtb5M9liqDsmEw56le376mTZkEX/jEb/RxNFyegNul7eNslCXP9FDj/Lcu0X8KEyMceP2ntpaHrDEVA=="
    },
    "node_modules/picomatch": {
      "version": "2.3.1",
      "resolved": "https://registry.npmjs.org/picomatch/-/picomatch-2.3.1.tgz",
      "integrity": "sha512-JU3teHTNjmE2VCGFzuY8EXzCDVwEqB2a8fsIvwaStHhAWJEeVd1o1QD80CU6+ZdEXXSLbSsuLwJjkCBWqRQUVA==",
      "dev": true,
      "engines": {
        "node": ">=8.6"
      },
      "funding": {
        "url": "https://github.com/sponsors/jonschlinkert"
      }
    },
    "node_modules/pify": {
      "version": "2.3.0",
      "resolved": "https://registry.npmjs.org/pify/-/pify-2.3.0.tgz",
      "integrity": "sha512-udgsAY+fTnvv7kI7aaxbqwWNb0AHiB0qBO89PZKPkoTmGOgdbrHDKD+0B2X4uTfJ/FT1R09r9gTsjUjNJotuog==",
      "dev": true,
      "engines": {
        "node": ">=0.10.0"
      }
    },
    "node_modules/pirates": {
      "version": "4.0.7",
      "resolved": "https://registry.npmjs.org/pirates/-/pirates-4.0.7.tgz",
      "integrity": "sha512-TfySrs/5nm8fQJDcBDuUng3VOUKsd7S+zqvbOTiGXHfxX4wK31ard+hoNuvkicM/2YFzlpDgABOevKSsB4G/FA==",
      "dev": true,
      "engines": {
        "node": ">= 6"
      }
    },
    "node_modules/postcss": {
      "version": "8.5.3",
      "resolved": "https://registry.npmjs.org/postcss/-/postcss-8.5.3.tgz",
      "integrity": "sha512-dle9A3yYxlBSrt8Fu+IpjGT8SY8hN0mlaA6GY8t0P5PjIOZemULz/E2Bnm/2dcUOena75OTNkHI76uZBNUUq3A==",
      "dev": true,
      "funding": [
        {
          "type": "opencollective",
          "url": "https://opencollective.com/postcss/"
        },
        {
          "type": "tidelift",
          "url": "https://tidelift.com/funding/github/npm/postcss"
        },
        {
          "type": "github",
          "url": "https://github.com/sponsors/ai"
        }
      ],
      "dependencies": {
        "nanoid": "^3.3.8",
        "picocolors": "^1.1.1",
        "source-map-js": "^1.2.1"
      },
      "engines": {
        "node": "^10 || ^12 || >=14"
      }
    },
    "node_modules/postcss-import": {
      "version": "15.1.0",
      "resolved": "https://registry.npmjs.org/postcss-import/-/postcss-import-15.1.0.tgz",
      "integrity": "sha512-hpr+J05B2FVYUAXHeK1YyI267J/dDDhMU6B6civm8hSY1jYJnBXxzKDKDswzJmtLHryrjhnDjqqp/49t8FALew==",
      "dev": true,
      "dependencies": {
        "postcss-value-parser": "^4.0.0",
        "read-cache": "^1.0.0",
        "resolve": "^1.1.7"
      },
      "engines": {
        "node": ">=14.0.0"
      },
      "peerDependencies": {
        "postcss": "^8.0.0"
      }
    },
    "node_modules/postcss-js": {
      "version": "4.0.1",
      "resolved": "https://registry.npmjs.org/postcss-js/-/postcss-js-4.0.1.tgz",
      "integrity": "sha512-dDLF8pEO191hJMtlHFPRa8xsizHaM82MLfNkUHdUtVEV3tgTp5oj+8qbEqYM57SLfc74KSbw//4SeJma2LRVIw==",
      "dev": true,
      "dependencies": {
        "camelcase-css": "^2.0.1"
      },
      "engines": {
        "node": "^12 || ^14 || >= 16"
      },
      "funding": {
        "type": "opencollective",
        "url": "https://opencollective.com/postcss/"
      },
      "peerDependencies": {
        "postcss": "^8.4.21"
      }
    },
    "node_modules/postcss-nested": {
      "version": "6.2.0",
      "resolved": "https://registry.npmjs.org/postcss-nested/-/postcss-nested-6.2.0.tgz",
      "integrity": "sha512-HQbt28KulC5AJzG+cZtj9kvKB93CFCdLvog1WFLf1D+xmMvPGlBstkpTEZfK5+AN9hfJocyBFCNiqyS48bpgzQ==",
      "dev": true,
      "funding": [
        {
          "type": "opencollective",
          "url": "https://opencollective.com/postcss/"
        },
        {
          "type": "github",
          "url": "https://github.com/sponsors/ai"
        }
      ],
      "dependencies": {
        "postcss-selector-parser": "^6.1.1"
      },
      "engines": {
        "node": ">=12.0"
      },
      "peerDependencies": {
        "postcss": "^8.2.14"
      }
    },
    "node_modules/postcss-selector-parser": {
      "version": "6.1.2",
      "resolved": "https://registry.npmjs.org/postcss-selector-parser/-/postcss-selector-parser-6.1.2.tgz",
      "integrity": "sha512-Q8qQfPiZ+THO/3ZrOrO0cJJKfpYCagtMUkXbnEfmgUjwXg6z/WBeOyS9APBBPCTSiDV+s4SwQGu8yFsiMRIudg==",
      "dev": true,
      "dependencies": {
        "cssesc": "^3.0.0",
        "util-deprecate": "^1.0.2"
      },
      "engines": {
        "node": ">=4"
      }
    },
    "node_modules/postcss-value-parser": {
      "version": "4.2.0",
      "resolved": "https://registry.npmjs.org/postcss-value-parser/-/postcss-value-parser-4.2.0.tgz",
      "integrity": "sha512-1NNCs6uurfkVbeXG4S8JFT9t19m45ICnif8zWLd5oPSZ50QnwMfK+H3jv408d4jw/7Bttv5axS5IiHoLaVNHeQ==",
      "dev": true
    },
    "node_modules/queue-microtask": {
      "version": "1.2.3",
      "resolved": "https://registry.npmjs.org/queue-microtask/-/queue-microtask-1.2.3.tgz",
      "integrity": "sha512-NuaNSa6flKT5JaSYQzJok04JzTL1CA6aGhv5rfLW3PgqA+M2ChpZQnAC8h8i4ZFkBS8X5RqkDBHA7r4hej3K9A==",
      "dev": true,
      "funding": [
        {
          "type": "github",
          "url": "https://github.com/sponsors/feross"
        },
        {
          "type": "patreon",
          "url": "https://www.patreon.com/feross"
        },
        {
          "type": "consulting",
          "url": "https://feross.org/support"
        }
      ]
    },
    "node_modules/react": {
      "version": "18.3.1",
      "resolved": "https://registry.npmjs.org/react/-/react-18.3.1.tgz",
      "integrity": "sha512-wS+hAgJShR0KhEvPJArfuPVN1+Hz1t0Y6n5jLrGQbkb4urgPE/0Rve+1kMB1v/oWgHgm4WIcV+i7F2pTVj+2iQ==",
      "dependencies": {
        "loose-envify": "^1.1.0"
      },
      "engines": {
        "node": ">=0.10.0"
      }
    },
    "node_modules/react-chartjs-2": {
      "version": "5.3.0",
      "resolved": "https://registry.npmjs.org/react-chartjs-2/-/react-chartjs-2-5.3.0.tgz",
      "integrity": "sha512-UfZZFnDsERI3c3CZGxzvNJd02SHjaSJ8kgW1djn65H1KK8rehwTjyrRKOG3VTMG8wtHZ5rgAO5oTHtHi9GCCmw==",
      "peerDependencies": {
        "chart.js": "^4.1.1",
        "react": "^16.8.0 || ^17.0.0 || ^18.0.0 || ^19.0.0"
      }
    },
    "node_modules/react-dom": {
      "version": "18.3.1",
      "resolved": "https://registry.npmjs.org/react-dom/-/react-dom-18.3.1.tgz",
      "integrity": "sha512-5m4nQKp+rZRb09LNH59GM4BxTh9251/ylbKIbpe7TpGxfJ+9kv6BLkLBXIjjspbgbnIBNqlI23tRnTWT0snUIw==",
      "dependencies": {
        "loose-envify": "^1.1.0",
        "scheduler": "^0.23.2"
      },
      "peerDependencies": {
        "react": "^18.3.1"
      }
    },
    "node_modules/read-cache": {
      "version": "1.0.0",
      "resolved": "https://registry.npmjs.org/read-cache/-/read-cache-1.0.0.tgz",
      "integrity": "sha512-Owdv/Ft7IjOgm/i0xvNDZ1LrRANRfew4b2prF3OWMQLxLfu3bS8FVhCsrSCMK4lR56Y9ya+AThoTpDCTxCmpRA==",
      "dev": true,
      "dependencies": {
        "pify": "^2.3.0"
      }
    },
    "node_modules/readdirp": {
      "version": "3.6.0",
      "resolved": "https://registry.npmjs.org/readdirp/-/readdirp-3.6.0.tgz",
      "integrity": "sha512-hOS089on8RduqdbhvQ5Z37A0ESjsqz6qnRcffsMU3495FuTdqSm+7bhJ29JvIOsBDEEnan5DPu9t3To9VRlMzA==",
      "dev": true,
      "dependencies": {
        "picomatch": "^2.2.1"
      },
      "engines": {
        "node": ">=8.10.0"
      }
    },
    "node_modules/resolve": {
      "version": "1.22.10",
      "resolved": "https://registry.npmjs.org/resolve/-/resolve-1.22.10.tgz",
      "integrity": "sha512-NPRy+/ncIMeDlTAsuqwKIiferiawhefFJtkNSW0qZJEqMEb+qBt/77B/jGeeek+F0uOeN05CDa6HXbbIgtVX4w==",
      "dev": true,
      "dependencies": {
        "is-core-module": "^2.16.0",
        "path-parse": "^1.0.7",
        "supports-preserve-symlinks-flag": "^1.0.0"
      },
      "bin": {
        "resolve": "bin/resolve"
      },
      "engines": {
        "node": ">= 0.4"
      },
      "funding": {
        "url": "https://github.com/sponsors/ljharb"
      }
    },
    "node_modules/reusify": {
      "version": "1.1.0",
      "resolved": "https://registry.npmjs.org/reusify/-/reusify-1.1.0.tgz",
      "integrity": "sha512-g6QUff04oZpHs0eG5p83rFLhHeV00ug/Yf9nZM6fLeUrPguBTkTQOdpAWWspMh55TZfVQDPaN3NQJfbVRAxdIw==",
      "dev": true,
      "engines": {
        "iojs": ">=1.0.0",
        "node": ">=0.10.0"
      }
    },
    "node_modules/run-parallel": {
      "version": "1.2.0",
      "resolved": "https://registry.npmjs.org/run-parallel/-/run-parallel-1.2.0.tgz",
      "integrity": "sha512-5l4VyZR86LZ/lDxZTR6jqL8AFE2S0IFLMP26AbjsLVADxHdhB/c0GUsH+y39UfCi3dzz8OlQuPmnaJOMoDHQBA==",
      "dev": true,
      "funding": [
        {
          "type": "github",
          "url": "https://github.com/sponsors/feross"
        },
        {
          "type": "patreon",
          "url": "https://www.patreon.com/feross"
        },
        {
          "type": "consulting",
          "url": "https://feross.org/support"
        }
      ],
      "dependencies": {
        "queue-microtask": "^1.2.2"
      }
    },
    "node_modules/scheduler": {
      "version": "0.23.2",
      "resolved": "https://registry.npmjs.org/scheduler/-/scheduler-0.23.2.tgz",
      "integrity": "sha512-UOShsPwz7NrMUqhR6t0hWjFduvOzbtv7toDH1/hIrfRNIDBnnBWd0CwJTGvTpngVlmwGCdP9/Zl/tVrDqcuYzQ==",
      "dependencies": {
        "loose-envify": "^1.1.0"
      }
    },
    "node_modules/shebang-command": {
      "version": "2.0.0",
      "resolved": "https://registry.npmjs.org/shebang-command/-/shebang-command-2.0.0.tgz",
      "integrity": "sha512-kHxr2zZpYtdmrN1qDjrrX/Z1rR1kG8Dx+gkpK1G4eXmvXswmcE1hTWBWYUzlraYw1/yZp6YuDY77YtvbN0dmDA==",
      "dev": true,
      "dependencies": {
        "shebang-regex": "^3.0.0"
      },
      "engines": {
        "node": ">=8"
      }
    },
    "node_modules/shebang-regex": {
      "version": "3.0.0",
      "resolved": "https://registry.npmjs.org/shebang-regex/-/shebang-regex-3.0.0.tgz",
      "integrity": "sha512-7++dFhtcx3353uBaq8DDR4NuxBetBzC7ZQOhmTQInHEd6bSrXdiEyzCvG07Z44UYdLShWUyXt5M/yhz8ekcb1A==",
      "dev": true,
      "engines": {
        "node": ">=8"
      }
    },
    "node_modules/signal-exit": {
      "version": "4.1.0",
      "resolved": "https://registry.npmjs.org/signal-exit/-/signal-exit-4.1.0.tgz",
      "integrity": "sha512-bzyZ1e88w9O1iNJbKnOlvYTrWPDl46O1bG0D3XInv+9tkPrxrN8jUUTiFlDkkmKWgn1M6CfIA13SuGqOa9Korw==",
      "dev": true,
      "engines": {
        "node": ">=14"
      },
      "funding": {
        "url": "https://github.com/sponsors/isaacs"
      }
    },
    "node_modules/source-map-js": {
      "version": "1.2.1",
      "resolved": "https://registry.npmjs.org/source-map-js/-/source-map-js-1.2.1.tgz",
      "integrity": "sha512-UXWMKhLOwVKb728IUtQPXxfYU+usdybtUrK/8uGE8CQMvrhOpwvzDBwj0QhSL7MQc7vIsISBG8VQ8+IDQxpfQA==",
      "engines": {
        "node": ">=0.10.0"
      }
    },
    "node_modules/streamsearch": {
      "version": "1.1.0",
      "resolved": "https://registry.npmjs.org/streamsearch/-/streamsearch-1.1.0.tgz",
      "integrity": "sha512-Mcc5wHehp9aXz1ax6bZUyY5afg9u2rv5cqQI3mRrYkGC8rW2hM02jWuwjtL++LS5qinSyhj2QfLyNsuc+VsExg==",
      "engines": {
        "node": ">=10.0.0"
      }
    },
    "node_modules/string-width": {
      "version": "5.1.2",
      "resolved": "https://registry.npmjs.org/string-width/-/string-width-5.1.2.tgz",
      "integrity": "sha512-HnLOCR3vjcY8beoNLtcjZ5/nxn2afmME6lhrDrebokqMap+XbeW8n9TXpPDOqdGK5qcI3oT0GKTW6wC7EMiVqA==",
      "dev": true,
      "dependencies": {
        "eastasianwidth": "^0.2.0",
        "emoji-regex": "^9.2.2",
        "strip-ansi": "^7.0.1"
      },
      "engines": {
        "node": ">=12"
      },
      "funding": {
        "url": "https://github.com/sponsors/sindresorhus"
      }
    },
    "node_modules/string-width-cjs": {
      "name": "string-width",
      "version": "4.2.3",
      "resolved": "https://registry.npmjs.org/string-width/-/string-width-4.2.3.tgz",
      "integrity": "sha512-wKyQRQpjJ0sIp62ErSZdGsjMJWsap5oRNihHhu6G7JVO/9jIB6UyevL+tXuOqrng8j/cxKTWyWUwvSTriiZz/g==",
      "dev": true,
      "dependencies": {
        "emoji-regex": "^8.0.0",
        "is-fullwidth-code-point": "^3.0.0",
        "strip-ansi": "^6.0.1"
      },
      "engines": {
        "node": ">=8"
      }
    },
    "node_modules/string-width-cjs/node_modules/ansi-regex": {
      "version": "5.0.1",
      "resolved": "https://registry.npmjs.org/ansi-regex/-/ansi-regex-5.0.1.tgz",
      "integrity": "sha512-quJQXlTSUGL2LH9SUXo8VwsY4soanhgo6LNSm84E1LBcE8s3O0wpdiRzyR9z/ZZJMlMWv37qOOb9pdJlMUEKFQ==",
      "dev": true,
      "engines": {
        "node": ">=8"
      }
    },
    "node_modules/string-width-cjs/node_modules/emoji-regex": {
      "version": "8.0.0",
      "resolved": "https://registry.npmjs.org/emoji-regex/-/emoji-regex-8.0.0.tgz",
      "integrity": "sha512-MSjYzcWNOA0ewAHpz0MxpYFvwg6yjy1NG3xteoqz644VCo/RPgnr1/GGt+ic3iJTzQ8Eu3TdM14SawnVUmGE6A==",
      "dev": true
    },
    "node_modules/string-width-cjs/node_modules/strip-ansi": {
      "version": "6.0.1",
      "resolved": "https://registry.npmjs.org/strip-ansi/-/strip-ansi-6.0.1.tgz",
      "integrity": "sha512-Y38VPSHcqkFrCpFnQ9vuSXmquuv5oXOKpGeT6aGrr3o3Gc9AlVa6JBfUSOCnbxGGZF+/0ooI7KrPuUSztUdU5A==",
      "dev": true,
      "dependencies": {
        "ansi-regex": "^5.0.1"
      },
      "engines": {
        "node": ">=8"
      }
    },
    "node_modules/strip-ansi": {
      "version": "7.1.0",
      "resolved": "https://registry.npmjs.org/strip-ansi/-/strip-ansi-7.1.0.tgz",
      "integrity": "sha512-iq6eVVI64nQQTRYq2KtEg2d2uU7LElhTJwsH4YzIHZshxlgZms/wIc4VoDQTlG/IvVIrBKG06CrZnp0qv7hkcQ==",
      "dev": true,
      "dependencies": {
        "ansi-regex": "^6.0.1"
      },
      "engines": {
        "node": ">=12"
      },
      "funding": {
        "url": "https://github.com/chalk/strip-ansi?sponsor=1"
      }
    },
    "node_modules/strip-ansi-cjs": {
      "name": "strip-ansi",
      "version": "6.0.1",
      "resolved": "https://registry.npmjs.org/strip-ansi/-/strip-ansi-6.0.1.tgz",
      "integrity": "sha512-Y38VPSHcqkFrCpFnQ9vuSXmquuv5oXOKpGeT6aGrr3o3Gc9AlVa6JBfUSOCnbxGGZF+/0ooI7KrPuUSztUdU5A==",
      "dev": true,
      "dependencies": {
        "ansi-regex": "^5.0.1"
      },
      "engines": {
        "node": ">=8"
      }
    },
    "node_modules/strip-ansi-cjs/node_modules/ansi-regex": {
      "version": "5.0.1",
      "resolved": "https://registry.npmjs.org/ansi-regex/-/ansi-regex-5.0.1.tgz",
      "integrity": "sha512-quJQXlTSUGL2LH9SUXo8VwsY4soanhgo6LNSm84E1LBcE8s3O0wpdiRzyR9z/ZZJMlMWv37qOOb9pdJlMUEKFQ==",
      "dev": true,
      "engines": {
        "node": ">=8"
      }
    },
    "node_modules/styled-jsx": {
      "version": "5.1.1",
      "resolved": "https://registry.npmjs.org/styled-jsx/-/styled-jsx-5.1.1.tgz",
      "integrity": "sha512-pW7uC1l4mBZ8ugbiZrcIsiIvVx1UmTfw7UkC3Um2tmfUq9Bhk8IiyEIPl6F8agHgjzku6j0xQEZbfA5uSgSaCw==",
      "dependencies": {
        "client-only": "0.0.1"
      },
      "engines": {
        "node": ">= 12.0.0"
      },
      "peerDependencies": {
        "react": ">= 16.8.0 || 17.x.x || ^18.0.0-0"
      },
      "peerDependenciesMeta": {
        "@babel/core": {
          "optional": true
        },
        "babel-plugin-macros": {
          "optional": true
        }
      }
    },
    "node_modules/sucrase": {
      "version": "3.35.0",
      "resolved": "https://registry.npmjs.org/sucrase/-/sucrase-3.35.0.tgz",
      "integrity": "sha512-8EbVDiu9iN/nESwxeSxDKe0dunta1GOlHufmSSXxMD2z2/tMZpDMpvXQGsc+ajGo8y2uYUmixaSRUc/QPoQ0GA==",
      "dev": true,
      "dependencies": {
        "@jridgewell/gen-mapping": "^0.3.2",
        "commander": "^4.0.0",
        "glob": "^10.3.10",
        "lines-and-columns": "^1.1.6",
        "mz": "^2.7.0",
        "pirates": "^4.0.1",
        "ts-interface-checker": "^0.1.9"
      },
      "bin": {
        "sucrase": "bin/sucrase",
        "sucrase-node": "bin/sucrase-node"
      },
      "engines": {
        "node": ">=16 || 14 >=14.17"
      }
    },
    "node_modules/supports-preserve-symlinks-flag": {
      "version": "1.0.0",
      "resolved": "https://registry.npmjs.org/supports-preserve-symlinks-flag/-/supports-preserve-symlinks-flag-1.0.0.tgz",
      "integrity": "sha512-ot0WnXS9fgdkgIcePe6RHNk1WA8+muPa6cSjeR3V8K27q9BB1rTE3R1p7Hv0z1ZyAc8s6Vvv8DIyWf681MAt0w==",
      "dev": true,
      "engines": {
        "node": ">= 0.4"
      },
      "funding": {
        "url": "https://github.com/sponsors/ljharb"
      }
    },
    "node_modules/tailwind-merge": {
      "version": "3.3.0",
      "resolved": "https://registry.npmjs.org/tailwind-merge/-/tailwind-merge-3.3.0.tgz",
      "integrity": "sha512-fyW/pEfcQSiigd5SNn0nApUOxx0zB/dm6UDU/rEwc2c3sX2smWUNbapHv+QRqLGVp9GWX3THIa7MUGPo+YkDzQ==",
      "funding": {
        "type": "github",
        "url": "https://github.com/sponsors/dcastil"
      }
    },
    "node_modules/tailwindcss": {
      "version": "3.4.17",
      "resolved": "https://registry.npmjs.org/tailwindcss/-/tailwindcss-3.4.17.tgz",
      "integrity": "sha512-w33E2aCvSDP0tW9RZuNXadXlkHXqFzSkQew/aIa2i/Sj8fThxwovwlXHSPXTbAHwEIhBFXAedUhP2tueAKP8Og==",
      "dev": true,
      "dependencies": {
        "@alloc/quick-lru": "^5.2.0",
        "arg": "^5.0.2",
        "chokidar": "^3.6.0",
        "didyoumean": "^1.2.2",
        "dlv": "^1.1.3",
        "fast-glob": "^3.3.2",
        "glob-parent": "^6.0.2",
        "is-glob": "^4.0.3",
        "jiti": "^1.21.6",
        "lilconfig": "^3.1.3",
        "micromatch": "^4.0.8",
        "normalize-path": "^3.0.0",
        "object-hash": "^3.0.0",
        "picocolors": "^1.1.1",
        "postcss": "^8.4.47",
        "postcss-import": "^15.1.0",
        "postcss-js": "^4.0.1",
        "postcss-load-config": "^4.0.2",
        "postcss-nested": "^6.2.0",
        "postcss-selector-parser": "^6.1.2",
        "resolve": "^1.22.8",
        "sucrase": "^3.35.0"
      },
      "bin": {
        "tailwind": "lib/cli.js",
        "tailwindcss": "lib/cli.js"
      },
      "engines": {
        "node": ">=14.0.0"
      }
    },
    "node_modules/tailwindcss/node_modules/postcss-load-config": {
      "version": "4.0.2",
      "resolved": "https://registry.npmjs.org/postcss-load-config/-/postcss-load-config-4.0.2.tgz",
      "integrity": "sha512-bSVhyJGL00wMVoPUzAVAnbEoWyqRxkjv64tUl427SKnPrENtq6hJwUojroMz2VB+Q1edmi4IfrAPpami5VVgMQ==",
      "dev": true,
      "funding": [
        {
          "type": "opencollective",
          "url": "https://opencollective.com/postcss/"
        },
        {
          "type": "github",
          "url": "https://github.com/sponsors/ai"
        }
      ],
      "dependencies": {
        "lilconfig": "^3.0.0",
        "yaml": "^2.3.4"
      },
      "engines": {
        "node": ">= 14"
      },
      "peerDependencies": {
        "postcss": ">=8.0.9",
        "ts-node": ">=9.0.0"
      },
      "peerDependenciesMeta": {
        "postcss": {
          "optional": true
        },
        "ts-node": {
          "optional": true
        }
      }
    },
    "node_modules/thenify": {
      "version": "3.3.1",
      "resolved": "https://registry.npmjs.org/thenify/-/thenify-3.3.1.tgz",
      "integrity": "sha512-RVZSIV5IG10Hk3enotrhvz0T9em6cyHBLkH/YAZuKqd8hRkKhSfCGIcP2KUY0EPxndzANBmNllzWPwak+bheSw==",
      "dev": true,
      "dependencies": {
        "any-promise": "^1.0.0"
      }
    },
    "node_modules/thenify-all": {
      "version": "1.6.0",
      "resolved": "https://registry.npmjs.org/thenify-all/-/thenify-all-1.6.0.tgz",
      "integrity": "sha512-RNxQH/qI8/t3thXJDwcstUO4zeqo64+Uy/+sNVRBx4Xn2OX+OZ9oP+iJnNFqplFra2ZUVeKCSa2oVWi3T4uVmA==",
      "dev": true,
      "dependencies": {
        "thenify": ">= 3.1.0 < 4"
      },
      "engines": {
        "node": ">=0.8"
      }
    },
    "node_modules/to-regex-range": {
      "version": "5.0.1",
      "resolved": "https://registry.npmjs.org/to-regex-range/-/to-regex-range-5.0.1.tgz",
      "integrity": "sha512-65P7iz6X5yEr1cwcgvQxbbIw7Uk3gOy5dIdtZ4rDveLqhrdJP+Li/Hx6tyK0NEb+2GCyneCMJiGqrADCSNk8sQ==",
      "dev": true,
      "dependencies": {
        "is-number": "^7.0.0"
      },
      "engines": {
        "node": ">=8.0"
      }
    },
    "node_modules/ts-interface-checker": {
      "version": "0.1.13",
      "resolved": "https://registry.npmjs.org/ts-interface-checker/-/ts-interface-checker-0.1.13.tgz",
      "integrity": "sha512-Y/arvbn+rrz3JCKl9C4kVNfTfSm2/mEp5FSz5EsZSANGPSlQrpRI5M4PKF+mJnE52jOO90PnPSc3Ur3bTQw0gA==",
      "dev": true
    },
    "node_modules/tslib": {
      "version": "2.8.1",
      "resolved": "https://registry.npmjs.org/tslib/-/tslib-2.8.1.tgz",
      "integrity": "sha512-oJFu94HQb+KVduSUQL7wnpmqnfmLsOA/nAh6b6EH0wCEoK0/mPeXU6c3wKDV83MkOuHPRHtSXKKU99IBazS/2w=="
    },
    "node_modules/typescript": {
      "version": "5.8.3",
      "resolved": "https://registry.npmjs.org/typescript/-/typescript-5.8.3.tgz",
      "integrity": "sha512-p1diW6TqL9L07nNxvRMM7hMMw4c5XOo/1ibL4aAIGmSAt9slTE1Xgw5KWuof2uTOvCg9BY7ZRi+GaF+7sfgPeQ==",
      "dev": true,
      "bin": {
        "tsc": "bin/tsc",
        "tsserver": "bin/tsserver"
      },
      "engines": {
        "node": ">=14.17"
      }
    },
    "node_modules/undici-types": {
      "version": "6.19.8",
      "resolved": "https://registry.npmjs.org/undici-types/-/undici-types-6.19.8.tgz",
      "integrity": "sha512-ve2KP6f/JnbPBFyobGHuerC9g1FYGn/F8n1LWTwNxCEzd6IfqTwUQcNXgEtmmQ6DlRrC1hrSrBnCZPokRrDHjw==",
      "dev": true
    },
    "node_modules/update-browserslist-db": {
      "version": "1.1.3",
      "resolved": "https://registry.npmjs.org/update-browserslist-db/-/update-browserslist-db-1.1.3.tgz",
      "integrity": "sha512-UxhIZQ+QInVdunkDAaiazvvT/+fXL5Osr0JZlJulepYu6Jd7qJtDZjlur0emRlT71EN3ScPoE7gvsuIKKNavKw==",
      "dev": true,
      "funding": [
        {
          "type": "opencollective",
          "url": "https://opencollective.com/browserslist"
        },
        {
          "type": "tidelift",
          "url": "https://tidelift.com/funding/github/npm/browserslist"
        },
        {
          "type": "github",
          "url": "https://github.com/sponsors/ai"
        }
      ],
      "dependencies": {
        "escalade": "^3.2.0",
        "picocolors": "^1.1.1"
      },
      "bin": {
        "update-browserslist-db": "cli.js"
      },
      "peerDependencies": {
        "browserslist": ">= 4.21.0"
      }
    },
    "node_modules/util-deprecate": {
      "version": "1.0.2",
      "resolved": "https://registry.npmjs.org/util-deprecate/-/util-deprecate-1.0.2.tgz",
      "integrity": "sha512-EPD5q1uXyFxJpCrLnCc1nHnq3gOa6DZBocAIiI2TaSCA7VCJ1UJDMagCzIkXNsUYfD1daK//LTEQ8xiIbrHtcw==",
      "dev": true
    },
    "node_modules/which": {
      "version": "2.0.2",
      "resolved": "https://registry.npmjs.org/which/-/which-2.0.2.tgz",
      "integrity": "sha512-BLI3Tl1TW3Pvl70l3yq3Y64i+awpwXqsGBYWkkqMtnbXgrMD+yj7rhW0kuEDxzJaYXGjEW5ogapKNMEKNMjibA==",
      "dev": true,
      "dependencies": {
        "isexe": "^2.0.0"
      },
      "bin": {
        "node-which": "bin/node-which"
      },
      "engines": {
        "node": ">= 8"
      }
    },
    "node_modules/wrap-ansi": {
      "version": "8.1.0",
      "resolved": "https://registry.npmjs.org/wrap-ansi/-/wrap-ansi-8.1.0.tgz",
      "integrity": "sha512-si7QWI6zUMq56bESFvagtmzMdGOtoxfR+Sez11Mobfc7tm+VkUckk9bW2UeffTGVUbOksxmSw0AA2gs8g71NCQ==",
      "dev": true,
      "dependencies": {
        "ansi-styles": "^6.1.0",
        "string-width": "^5.0.1",
        "strip-ansi": "^7.0.1"
      },
      "engines": {
        "node": ">=12"
      },
      "funding": {
        "url": "https://github.com/chalk/wrap-ansi?sponsor=1"
      }
    },
    "node_modules/wrap-ansi-cjs": {
      "name": "wrap-ansi",
      "version": "7.0.0",
      "resolved": "https://registry.npmjs.org/wrap-ansi/-/wrap-ansi-7.0.0.tgz",
      "integrity": "sha512-YVGIj2kamLSTxw6NsZjoBxfSwsn0ycdesmc4p+Q21c5zPuZ1pl+NfxVdxPtdHvmNVOQ6XSYG4AUtyt/Fi7D16Q==",
      "dev": true,
      "dependencies": {
        "ansi-styles": "^4.0.0",
        "string-width": "^4.1.0",
        "strip-ansi": "^6.0.0"
      },
      "engines": {
        "node": ">=10"
      },
      "funding": {
        "url": "https://github.com/chalk/wrap-ansi?sponsor=1"
      }
    },
    "node_modules/wrap-ansi-cjs/node_modules/ansi-regex": {
      "version": "5.0.1",
      "resolved": "https://registry.npmjs.org/ansi-regex/-/ansi-regex-5.0.1.tgz",
      "integrity": "sha512-quJQXlTSUGL2LH9SUXo8VwsY4soanhgo6LNSm84E1LBcE8s3O0wpdiRzyR9z/ZZJMlMWv37qOOb9pdJlMUEKFQ==",
      "dev": true,
      "engines": {
        "node": ">=8"
      }
    },
    "node_modules/wrap-ansi-cjs/node_modules/ansi-styles": {
      "version": "4.3.0",
      "resolved": "https://registry.npmjs.org/ansi-styles/-/ansi-styles-4.3.0.tgz",
      "integrity": "sha512-zbB9rCJAT1rbjiVDb2hqKFHNYLxgtk8NURxZ3IZwD3F6NtxbXZQCnnSi1Lkx+IDohdPlFp222wVALIheZJQSEg==",
      "dev": true,
      "dependencies": {
        "color-convert": "^2.0.1"
      },
      "engines": {
        "node": ">=8"
      },
      "funding": {
        "url": "https://github.com/chalk/ansi-styles?sponsor=1"
      }
    },
    "node_modules/wrap-ansi-cjs/node_modules/emoji-regex": {
      "version": "8.0.0",
      "resolved": "https://registry.npmjs.org/emoji-regex/-/emoji-regex-8.0.0.tgz",
      "integrity": "sha512-MSjYzcWNOA0ewAHpz0MxpYFvwg6yjy1NG3xteoqz644VCo/RPgnr1/GGt+ic3iJTzQ8Eu3TdM14SawnVUmGE6A==",
      "dev": true
    },
    "node_modules/wrap-ansi-cjs/node_modules/string-width": {
      "version": "4.2.3",
      "resolved": "https://registry.npmjs.org/string-width/-/string-width-4.2.3.tgz",
      "integrity": "sha512-wKyQRQpjJ0sIp62ErSZdGsjMJWsap5oRNihHhu6G7JVO/9jIB6UyevL+tXuOqrng8j/cxKTWyWUwvSTriiZz/g==",
      "dev": true,
      "dependencies": {
        "emoji-regex": "^8.0.0",
        "is-fullwidth-code-point": "^3.0.0",
        "strip-ansi": "^6.0.1"
      },
      "engines": {
        "node": ">=8"
      }
    },
    "node_modules/wrap-ansi-cjs/node_modules/strip-ansi": {
      "version": "6.0.1",
      "resolved": "https://registry.npmjs.org/strip-ansi/-/strip-ansi-6.0.1.tgz",
      "integrity": "sha512-Y38VPSHcqkFrCpFnQ9vuSXmquuv5oXOKpGeT6aGrr3o3Gc9AlVa6JBfUSOCnbxGGZF+/0ooI7KrPuUSztUdU5A==",
      "dev": true,
      "dependencies": {
        "ansi-regex": "^5.0.1"
      },
      "engines": {
        "node": ">=8"
      }
    },
    "node_modules/yaml": {
      "version": "2.8.0",
      "resolved": "https://registry.npmjs.org/yaml/-/yaml-2.8.0.tgz",
      "integrity": "sha512-4lLa/EcQCB0cJkyts+FpIRx5G/llPxfP6VQU5KByHEhLxY3IJCH0f0Hy1MHI8sClTvsIb8qwRJ6R/ZdlDJ/leQ==",
      "dev": true,
      "bin": {
        "yaml": "bin.mjs"
      },
      "engines": {
        "node": ">= 14.6"
      }
    },
    "node_modules/zustand": {
      "version": "5.0.5",
      "resolved": "https://registry.npmjs.org/zustand/-/zustand-5.0.5.tgz",
      "integrity": "sha512-mILtRfKW9xM47hqxGIxCv12gXusoY/xTSHBYApXozR0HmQv299whhBeeAcRy+KrPPybzosvJBCOmVjq6x12fCg==",
      "engines": {
        "node": ">=12.20.0"
      },
      "peerDependencies": {
        "@types/react": ">=18.0.0",
        "immer": ">=9.0.6",
        "react": ">=18.0.0",
        "use-sync-external-store": ">=1.2.0"
      },
      "peerDependenciesMeta": {
        "@types/react": {
          "optional": true
        },
        "immer": {
          "optional": true
        },
        "react": {
          "optional": true
        },
        "use-sync-external-store": {
          "optional": true
        }
      }
    }
  }
}
